User ID,Password,Name,Age,Gender,Phone,Email,Location,Interest
user_001,pass352,Naveen,34,M,9964837295,naveen@gmail.com,Bangalore,sports
user_002,pass582,Geeta,25,F,9832478925,geeta@gmail.com,Chennai,biking
user_003,pass641,Suresh,31,M,9792438947,suresh@gmail.com,Hyderabad,public speaking
user_004,pass739,Pooja,27,F,9734298734,pooja@gmail.com,Kochi,sports
user_005,pass123,Amit,24,M,9973837248,amit@gmail.com,Mysore,biking
user_006,pass456,Lakshmi,29,F,9647384932,lakshmi@gmail.com,Thiruvananthapuram,public speaking
user_007,pass789,Rohan,26,M,9748932745,rohan@gmail.com,Coimbatore,sports
user_008,pass234,Kavita,22,F,9864372847,kavita@gmail.com,Mangalore,biking
user_009,pass567,Vishal,28,M,9984728347,vishal@gmail.com,Vijayawada,public speaking
user_010,pass890,Anju,32,F,9638472384,anju@gmail.com,Visakhapatnam,sports
user_011,pass111,Sneha,30,F,9748237482,sneha@gmail.com,Bangalore,biking
user_012,pass222,Deepak,23,M,9874238942,deepak@gmail.com,Chennai,public speaking
user_013,pass333,Anita,27,F,9732487394,anita@gmail.com,Hyderabad,sports
user_014,pass444,Ravi,29,M,9964732943,ravi@gmail.com,Kochi,biking
user_015,pass555,Meena,24,F,9784384923,meena@gmail.com,Mysore,public speaking
user_016,pass666,Nandini,35,F,9873427389,nandini@gmail.com,Thiruvananthapuram,sports
user_017,pass777,Hari,21,M,9647384723,hari@gmail.com,Coimbatore,biking
user_018,pass888,Swati,26,F,9837492837,swati@gmail.com,Mangalore,public speaking
user_019,pass999,Raj,34,M,9748923748,raj@gmail.com,Vijayawada,sports
user_020,pass000,Vidya,28,F,9732487324,vidya@gmail.com,Visakhapatnam,biking
user_021,pass321,Kiran,24,M,9963827384,kiran@gmail.com,Bangalore,public speaking
user_022,pass654,Priya,25,F,9847238423,priya@gmail.com,Chennai,sports
user_023,pass987,Sanjay,30,M,9763849238,sanjay@gmail.com,Hyderabad,biking
user_024,pass210,Rekha,27,F,9873482374,rekha@gmail.com,Kochi,public speaking
user_025,pass543,Rakesh,32,M,9734892374,rakesh@gmail.com,Mysore,sports
user_026,pass876,Anjali,29,F,9647384723,anjali@gmail.com,Thiruvananthapuram,biking
user_027,pass109,Vikram,33,M,9847382947,vikram@gmail.com,Coimbatore,public speaking
user_028,pass432,Divya,26,F,9738492374,divya@gmail.com,Mangalore,sports
user_029,pass765,Harish,28,M,9873427384,harish@gmail.com,Vijayawada,biking
user_030,pass098,Manisha,25,F,9964738942,manisha@gmail.com,Visakhapatnam,public speaking
user_031,pass123,Rohit,31,M,9734827348,rohit@gmail.com,Bangalore,sports
user_032,pass456,Neha,23,F,9873428742,neha@gmail.com,Chennai,biking
user_033,pass789,Siddharth,27,M,9647384728,siddharth@gmail.com,Hyderabad,public speaking
user_034,pass234,Preeti,28,F,9847384732,preeti@gmail.com,Kochi,sports
user_035,pass567,Ritesh,30,M,9738492374,ritesh@gmail.com,Mysore,biking
user_036,pass890,Sunita,24,F,9873428743,sunita@gmail.com,Thiruvananthapuram,public speaking
user_037,pass111,Ankur,32,M,9964738942,ankur@gmail.com,Coimbatore,sports
user_038,pass222,Sonal,25,F,9847384732,sonal@gmail.com,Mangalore,biking
user_039,pass333,Nitin,33,M,9738492374,nitin@gmail.com,Vijayawada,public speaking
user_040,pass444,Smita,27,F,9647384723,smita@gmail.com,Visakhapatnam,sports
user_041,pass555,Ajay,29,M,9873428742,ajay@gmail.com,Bangalore,biking
user_042,pass666,Vandana,28,F,9964738943,vandana@gmail.com,Chennai,public speaking
user_043,pass777,Gaurav,34,M,9738492374,gaurav@gmail.com,Hyderabad,sports
user_044,pass888,Ruchi,24,F,9873428743,ruchi@gmail.com,Kochi,biking
user_045,pass999,Pranav,30,M,9647384723,pranav@gmail.com,Mysore,public speaking
user_046,pass000,Komal,32,F,9847384732,komal@gmail.com,Thiruvananthapuram,sports
user_047,pass321,Rajesh,27,M,9738492374,rajesh@gmail.com,Coimbatore,biking
user_048,pass654,Pallavi,25,F,9873428742,pallavi@gmail.com,Mangalore,public speaking
user_049,pass987,Karthik,29,M,9964738942,karthik@gmail.com,Vijayawada,sports
user_050,pass210,Nisha,26,F,9647384723,nisha@gmail.com,Visakhapatnam,biking
sri,sri,sri,33,F,23456,kdnejq@gmail.com,Kochi,sports
gay,gay,gay,23,F,1234567,gay@g.com,Kochi,sports
